<?xml version="1.0" encoding="utf-8" ?>
<dwsync>
<file name="index.php" server="developers.devszone.com//public_html/shop_1.4/" local="131102457454212609" remote="131115814800000000" Dst="0" />
<file name="message_view.php" server="developers.devszone.com//public_html/shop_1.4/" local="131114239928251236" remote="131115814800000000" Dst="0" />
<file name="order_history.php" server="developers.devszone.com//public_html/shop_1.4/" local="131102455943926225" remote="131115814800000000" Dst="0" />
<file name="profile.php" server="developers.devszone.com//public_html/shop_1.4/" local="131102352838206256" remote="131115814800000000" Dst="0" />
<file name="ticket.php" server="developers.devszone.com//public_html/shop_1.4/" local="131102385710473133" remote="131115814800000000" Dst="0" />
<file name="update_profile.php" server="developers.devszone.com//public_html/shop_1.4/" local="131102459174461001" remote="131115814800000000" Dst="0" />
<file name="wishlist.php" server="developers.devszone.com//public_html/shop_1.4/" local="131102353564560407" remote="131115814800000000" Dst="0" />
<file name="index.php" server="developers.devszone.com//public_html/activesupershopv1.4/" local="131201378532155908" remote="131203908600000000" Dst="0" />
<file name="message_box.php" server="developers.devszone.com//public_html/activesupershopv1.4/" local="131198845467931982" remote="131203908600000000" Dst="0" />
<file name="message_view.php" server="developers.devszone.com//public_html/activesupershopv1.4/" local="131199705936498808" remote="131203908600000000" Dst="0" />
<file name="order_history.php" server="developers.devszone.com//public_html/activesupershopv1.4/" local="131198771787498164" remote="131203908600000000" Dst="0" />
<file name="order_listed.php" server="developers.devszone.com//public_html/activesupershopv1.4/" local="131198780232476348" remote="131203908600000000" Dst="0" />
<file name="profile.php" server="developers.devszone.com//public_html/activesupershopv1.4/" local="131203459123401056" remote="131203908600000000" Dst="0" />
<file name="ticket.php" server="developers.devszone.com//public_html/activesupershopv1.4/" local="131199705628585959" remote="131203908600000000" Dst="0" />
<file name="ticket_listed.php" server="developers.devszone.com//public_html/activesupershopv1.4/" local="131197966775377638" remote="131203908600000000" Dst="0" />
<file name="update_profile.php" server="developers.devszone.com//public_html/activesupershopv1.4/" local="131197965176077670" remote="131203908600000000" Dst="0" />
<file name="wishlist.php" server="developers.devszone.com//public_html/activesupershopv1.4/" local="131192591860000000" remote="131203908600000000" Dst="0" />
<file name="wish_listed.php" server="developers.devszone.com//public_html/activesupershopv1.4/" local="131197982668713932" remote="131203908600000000" Dst="0" />
<file name="downloads.php" server="developers.devszone.com//public_html/activesupershopv1.4/" local="131197965573811808" remote="131203908600000000" Dst="0" />
<file name="downloads_listed.php" server="developers.devszone.com//public_html/activesupershopv1.4/" local="131197965767224267" remote="131203908600000000" Dst="0" />
</dwsync>