<?xml version="1.0" encoding="utf-8" ?>
<dwsync>
<file name="vendor_public_home.php" server="developers.devszone.com//public_html/shop_1.4/" local="131105397983815659" remote="131115814200000000" Dst="0" />
<file name="all_category.php" server="developers.devszone.com//public_html/shop_1.4/" local="131104448658611164" remote="131115814200000000" Dst="0" />
<file name="blog.php" server="developers.devszone.com//public_html/shop_1.4/" local="131103668667746496" remote="131115814200000000" Dst="0" />
<file name="compare.php" server="developers.devszone.com//public_html/shop_1.4/" local="131103667183081578" remote="131115814200000000" Dst="0" />
<file name="contact.php" server="developers.devszone.com//public_html/shop_1.4/" local="131103671008200362" remote="131115814200000000" Dst="0" />
<file name="home.php" server="developers.devszone.com//public_html/shop_1.4/" local="131104609321359728" remote="131115814200000000" Dst="0" />
<file name="index.php" server="developers.devszone.com//public_html/shop_1.4/" local="131108040025577729" remote="131115814200000000" Dst="0" />
<file name="login.php" server="developers.devszone.com//public_html/shop_1.4/" local="131103667615636319" remote="131115814200000000" Dst="0" />
<file name="product_list_digital.php" server="developers.devszone.com//public_html/shop_1.4/" local="131103667940384893" remote="131115814200000000" Dst="0" />
<file name="product_list_other.php" server="developers.devszone.com//public_html/shop_1.4/" local="131103668046060937" remote="131115814200000000" Dst="0" />
<file name="product_view_digital.php" server="developers.devszone.com//public_html/shop_1.4/" local="131103668199019686" remote="131115814200000000" Dst="0" />
<file name="product_view_other.php" server="developers.devszone.com//public_html/shop_1.4/" local="131103668300785507" remote="131115814200000000" Dst="0" />
<file name="register.php" server="developers.devszone.com//public_html/shop_1.4/" local="131103668383640246" remote="131115814200000000" Dst="0" />
<file name="shopping_cart.php" server="developers.devszone.com//public_html/shop_1.4/" local="131103668494436583" remote="131115814200000000" Dst="0" />
<file name="user_profile.php" server="developers.devszone.com//public_html/shop_1.4/" local="131103668564830609" remote="131115814200000000" Dst="0" />
<file name=".DS_Store" server="developers.devszone.com//public_html/activesupershopv1.4/" local="131192591840000000" remote="131203908000000000" Dst="0" />
<file name="all_category.php" server="developers.devszone.com//public_html/activesupershopv1.4/" local="131192591840000000" remote="131203908000000000" Dst="0" />
<file name="all_vendor.php" server="developers.devszone.com//public_html/activesupershopv1.4/" local="131192591840000000" remote="131203908000000000" Dst="0" />
<file name="blog.php" server="developers.devszone.com//public_html/activesupershopv1.4/" local="131192591840000000" remote="131203908000000000" Dst="0" />
<file name="compare.php" server="developers.devszone.com//public_html/activesupershopv1.4/" local="131192591840000000" remote="131203908000000000" Dst="0" />
<file name="contact.php" server="developers.devszone.com//public_html/activesupershopv1.4/" local="131192591840000000" remote="131203908000000000" Dst="0" />
<file name="home.php" server="developers.devszone.com//public_html/activesupershopv1.4/" local="131192591840000000" remote="131203908000000000" Dst="0" />
<file name="index.php" server="developers.devszone.com//public_html/activesupershopv1.4/" local="131201400067426465" remote="131203908000000000" Dst="0" />
<file name="login.php" server="developers.devszone.com//public_html/activesupershopv1.4/" local="131192591840000000" remote="131203908000000000" Dst="0" />
<file name="product_list_digital.php" server="developers.devszone.com//public_html/activesupershopv1.4/" local="131192591840000000" remote="131203908000000000" Dst="0" />
<file name="product_list_other.php" server="developers.devszone.com//public_html/activesupershopv1.4/" local="131192591840000000" remote="131203908000000000" Dst="0" />
<file name="product_view_digital.php" server="developers.devszone.com//public_html/activesupershopv1.4/" local="131192591840000000" remote="131203908000000000" Dst="0" />
<file name="product_view_other.php" server="developers.devszone.com//public_html/activesupershopv1.4/" local="131192591840000000" remote="131203908000000000" Dst="0" />
<file name="register.php" server="developers.devszone.com//public_html/activesupershopv1.4/" local="131192591840000000" remote="131203908000000000" Dst="0" />
<file name="shopping_cart.php" server="developers.devszone.com//public_html/activesupershopv1.4/" local="131192591840000000" remote="131192591400000000" Dst="0" />
<file name="user_profile.php" server="developers.devszone.com//public_html/activesupershopv1.4/" local="131192591840000000" remote="131203908000000000" Dst="0" />
<file name="vendor_public_home.php" server="developers.devszone.com//public_html/activesupershopv1.4/" local="131195230880000000" remote="131203908000000000" Dst="0" />
<file name="blog_view.php" server="developers.devszone.com//public_html/activesupershopv1.4/" local="131192591840000000" remote="131203908000000000" Dst="0" />
<file name="page.php" server="developers.devszone.com//public_html/activesupershopv1.4/" local="131192636280000000" remote="131203908000000000" Dst="0" />
<file name="store_locator.php" server="developers.devszone.com//public_html/activesupershopv1.4/" local="131192634640000000" remote="131203908000000000" Dst="0" />
<file name="all_brands.php" server="developers.devszone.com//public_html/activesupershopv1.4/" local="131195471880000000" remote="131203908000000000" Dst="0" />
<file name="invoice.php" server="developers.devszone.com//public_html/activesupershopv1.4/" local="131198821497179647" remote="131203908000000000" Dst="0" />
<file name="legal.php" server="developers.devszone.com//public_html/activesupershopv1.4/" local="131199688543203694" remote="131203908000000000" Dst="0" />
</dwsync>