<?xml version="1.0" encoding="utf-8" ?>
<dwsync>
<file name="checkout.php" server="developers.devszone.com//public_html/shop_1.4/" local="131097206719891375" remote="131097206400000000" Dst="0" />
<file name="index.php" server="developers.devszone.com//public_html/shop_1.4/" local="131101479443225559" remote="131115814800000000" Dst="0" />
<file name="checkout.php" server="developers.devszone.com//public_html/activesupershopv1.4/" local="131192591820000000" remote="131192591400000000" Dst="0" />
<file name="index.php" server="developers.devszone.com//public_html/activesupershopv1.4/" local="131202305597874464" remote="131203908600000000" Dst="0" />
<file name="delivery_address.php" server="developers.devszone.com//public_html/activesupershopv1.4/" local="131198863569417964" remote="131203908600000000" Dst="0" />
<file name="invoice_email.php" server="developers.devszone.com//public_html/activesupershopv1.4/" local="131198865138753140" remote="131203908600000000" Dst="0" />
<file name="payments_options.php" server="developers.devszone.com//public_html/activesupershopv1.4/" local="131202298846806268" remote="131203908600000000" Dst="0" />
<file name="order_set.php" server="developers.devszone.com//public_html/activesupershopv1.4/" local="131202295274935055" remote="131203908600000000" Dst="0" />
</dwsync>