<?xml version="1.0" encoding="utf-8" ?>
<dwsync>
<file name="index.php" server="developers.devszone.com//public_html/shop_1.4/" local="131101443954492730" remote="131115814800000000" Dst="0" />
<file name="product_detail.php" server="developers.devszone.com//public_html/shop_1.4/" local="131101443954612724" remote="131115814800000000" Dst="0" />
<file name="order_option.php" server="developers.devszone.com//public_html/shop_1.4/" local="131101443954792724" remote="131115814800000000" Dst="0" />
<file name="product_specification.php" server="developers.devszone.com//public_html/shop_1.4/" local="131101443954692725" remote="131115814800000000" Dst="0" />
<file name="index.php" server="developers.devszone.com//public_html/activesupershopv1.4/" local="131192591800000000" remote="131203908600000000" Dst="0" />
<file name="product_detail.php" server="developers.devszone.com//public_html/activesupershopv1.4/" local="131207402302070508" remote="131207181000000000" Dst="0" />
<file name="order_option.php" server="developers.devszone.com//public_html/activesupershopv1.4/" local="131207369222618271" remote="131207148600000000" Dst="0" />
<file name="product_specification.php" server="developers.devszone.com//public_html/activesupershopv1.4/" local="131192591800000000" remote="131203908600000000" Dst="0" />
<file name="video.php" server="developers.devszone.com//public_html/activesupershopv1.4/" local="131204177122100843" remote="131203956000000000" Dst="0" />
<file name="related_products.php" server="developers.devszone.com//public_html/activesupershopv1.4/" local="131201553906897245" remote="131203908600000000" Dst="0" />
</dwsync>