<?xml version="1.0" encoding="utf-8" ?>
<dwsync>
<file name="index.php" server="developers.devszone.com//public_html/shop_1.4/" local="131101439947011778" remote="131115814800000000" Dst="0" />
<file name="product_detail.php" server="developers.devszone.com//public_html/shop_1.4/" local="131101443262438216" remote="131115814800000000" Dst="0" />
<file name="order_option.php" server="developers.devszone.com//public_html/shop_1.4/" local="131101442986345595" remote="131115814800000000" Dst="0" />
<file name="product_specification.php" server="developers.devszone.com//public_html/shop_1.4/" local="131101438724809255" remote="131115814800000000" Dst="0" />
<file name="order_option.php" server="developers.devszone.com//public_html/activesupershopv1.4/" local="131198907195242994" remote="131203908600000000" Dst="0" />
<file name="index.php" server="developers.devszone.com//public_html/activesupershopv1.4/" local="131192591800000000" remote="131203908600000000" Dst="0" />
<file name="product_detail.php" server="developers.devszone.com//public_html/activesupershopv1.4/" local="131204107518635934" remote="131203908600000000" Dst="0" />
<file name="related_products.php" server="developers.devszone.com//public_html/activesupershopv1.4/" local="131201547410719787" remote="131203908600000000" Dst="0" />
<file name="product_specification.php" server="developers.devszone.com//public_html/activesupershopv1.4/" local="131192591800000000" remote="131203908600000000" Dst="0" />
</dwsync>