<?xml version="1.0" encoding="utf-8" ?>
<dwsync>
<file name="index.php" server="developers.devszone.com//public_html/shop_1.4/" local="131101431280037568" remote="131115814800000000" Dst="0" />
<file name="grid_view.php" server="developers.devszone.com//public_html/shop_1.4/" local="131101428372425378" remote="131115814800000000" Dst="0" />
<file name="list_view.php" server="developers.devszone.com//public_html/shop_1.4/" local="131101429282116975" remote="131115814800000000" Dst="0" />
<file name="sidebar.php" server="developers.devszone.com//public_html/shop_1.4/" local="131103600241351843" remote="131115814800000000" Dst="0" />
<file name="grid_view.php" server="developers.devszone.com//public_html/activesupershopv1.4/" local="131195404080000000" remote="131203908600000000" Dst="0" />
<file name="list_view.php" server="developers.devszone.com//public_html/activesupershopv1.4/" local="131195404080000000" remote="131203908600000000" Dst="0" />
<file name="sidebar.php" server="developers.devszone.com//public_html/activesupershopv1.4/" local="131195405320000000" remote="131203908600000000" Dst="0" />
<file name="index.php" server="developers.devszone.com//public_html/activesupershopv1.4/" local="131195404080000000" remote="131203908600000000" Dst="0" />
</dwsync>