<?xml version="1.0" encoding="utf-8" ?>
<dwsync>
<file name="vendor_public_home.php" server="developers.devszone.com//public_html/shop_1.4/" local="131105397907551297" remote="131105397600000000" Dst="0" />
<file name="all_category.php" server="developers.devszone.com//public_html/shop_1.4/" local="131103618065302564" remote="131103618000000000" Dst="0" />
<file name="blog.php" server="developers.devszone.com//public_html/shop_1.4/" local="131103598428184880" remote="131103598200000000" Dst="0" />
<file name="compare.php" server="developers.devszone.com//public_html/shop_1.4/" local="131101462219714218" remote="131101462200000000" Dst="0" />
<file name="contact.php" server="developers.devszone.com//public_html/shop_1.4/" local="131101447656280056" remote="131101447200000000" Dst="0" />
<file name="home.php" server="developers.devszone.com//public_html/shop_1.4/" local="131100604600268539" remote="131100604200000000" Dst="0" />
<file name="login.php" server="developers.devszone.com//public_html/shop_1.4/" local="131102716365117677" remote="131102716200000000" Dst="0" />
<file name="product_list_digital.php" server="developers.devszone.com//public_html/shop_1.4/" local="131100643281430195" remote="131100643200000000" Dst="0" />
<file name="product_list_other.php" server="developers.devszone.com//public_html/shop_1.4/" local="131100643320343454" remote="131100643200000000" Dst="0" />
<file name="product_view_digital.php" server="developers.devszone.com//public_html/shop_1.4/" local="131100629930532447" remote="131100629400000000" Dst="0" />
<file name="product_view_other.php" server="developers.devszone.com//public_html/shop_1.4/" local="131100629958188468" remote="131100629400000000" Dst="0" />
<file name="register.php" server="developers.devszone.com//public_html/shop_1.4/" local="131102716259141490" remote="131102716200000000" Dst="0" />
<file name="shopping_cart.php" server="developers.devszone.com//public_html/shop_1.4/" local="131101475499597322" remote="131101475400000000" Dst="0" />
<file name="user_profile.php" server="developers.devszone.com//public_html/shop_1.4/" local="131101490598760939" remote="131101490400000000" Dst="0" />
<file name=".DS_Store" server="developers.devszone.com//public_html/activesupershopv1.4/" local="131192591840000000" remote="131203908000000000" Dst="0" />
<file name="all_category.php" server="developers.devszone.com//public_html/activesupershopv1.4/" local="131192591840000000" remote="131192591400000000" Dst="0" />
<file name="all_vendor.php" server="developers.devszone.com//public_html/activesupershopv1.4/" local="131192591840000000" remote="131192591400000000" Dst="0" />
<file name="blog.php" server="developers.devszone.com//public_html/activesupershopv1.4/" local="131192591840000000" remote="131192591400000000" Dst="0" />
<file name="compare.php" server="developers.devszone.com//public_html/activesupershopv1.4/" local="131192591840000000" remote="131192591400000000" Dst="0" />
<file name="contact.php" server="developers.devszone.com//public_html/activesupershopv1.4/" local="131192591840000000" remote="131192591400000000" Dst="0" />
<file name="home.php" server="developers.devszone.com//public_html/activesupershopv1.4/" local="131192591840000000" remote="131192591400000000" Dst="0" />
<file name="login.php" server="developers.devszone.com//public_html/activesupershopv1.4/" local="131192591840000000" remote="131192591400000000" Dst="0" />
<file name="product_list_digital.php" server="developers.devszone.com//public_html/activesupershopv1.4/" local="131192591840000000" remote="131192591400000000" Dst="0" />
<file name="product_list_other.php" server="developers.devszone.com//public_html/activesupershopv1.4/" local="131192591840000000" remote="131192591400000000" Dst="0" />
<file name="product_view_digital.php" server="developers.devszone.com//public_html/activesupershopv1.4/" local="131192591840000000" remote="131192591400000000" Dst="0" />
<file name="product_view_other.php" server="developers.devszone.com//public_html/activesupershopv1.4/" local="131192591840000000" remote="131192591400000000" Dst="0" />
<file name="register.php" server="developers.devszone.com//public_html/activesupershopv1.4/" local="131192591840000000" remote="131192591400000000" Dst="0" />
<file name="shopping_cart.php" server="developers.devszone.com//public_html/activesupershopv1.4/" local="131192591840000000" remote="131192591400000000" Dst="0" />
<file name="user_profile.php" server="developers.devszone.com//public_html/activesupershopv1.4/" local="131192591840000000" remote="131192591400000000" Dst="0" />
<file name="vendor_public_home.php" server="developers.devszone.com//public_html/activesupershopv1.4/" local="131192591840000000" remote="131192591400000000" Dst="0" />
<file name="blog_view.php" server="developers.devszone.com//public_html/activesupershopv1.4/" local="131192591840000000" remote="131192591400000000" Dst="0" />
<file name="page.php" server="developers.devszone.com//public_html/activesupershopv1.4/" local="131192636200000000" remote="131192635800000000" Dst="0" />
<file name="store_locator.php" server="developers.devszone.com//public_html/activesupershopv1.4/" local="131192634780000000" remote="131192634600000000" Dst="0" />
<file name="all_brands.php" server="developers.devszone.com//public_html/activesupershopv1.4/" local="131195472100000000" remote="131195472000000000" Dst="0" />
<file name="invoice.php" server="developers.devszone.com//public_html/activesupershopv1.4/" local="131198821588376399" remote="131198821200000000" Dst="0" />
<file name="legal.php" server="developers.devszone.com//public_html/activesupershopv1.4/" local="131199688582293967" remote="131199688200000000" Dst="0" />
</dwsync>