<?xml version="1.0" encoding="utf-8" ?>
<dwsync>
<file name="vendor_public_home.php" server="developers.devszone.com//public_html/shop_1.4/" local="131117343479660970" remote="131117124600000000" Dst="0" />
<file name="all_category.php" server="developers.devszone.com//public_html/shop_1.4/" local="131104448586667049" remote="131115813600000000" Dst="0" />
<file name="blog.php" server="developers.devszone.com//public_html/shop_1.4/" local="131117342708357597" remote="131117124000000000" Dst="0" />
<file name="compare.php" server="developers.devszone.com//public_html/shop_1.4/" local="131103663887763096" remote="131115813600000000" Dst="0" />
<file name="contact.php" server="developers.devszone.com//public_html/shop_1.4/" local="131103664904911274" remote="131115813600000000" Dst="0" />
<file name="home.php" server="developers.devszone.com//public_html/shop_1.4/" local="131104440356381579" remote="131115813600000000" Dst="0" />
<file name="index.php" server="developers.devszone.com//public_html/shop_1.4/" local="131117342173341109" remote="131117123400000000" Dst="0" />
<file name="login.php" server="developers.devszone.com//public_html/shop_1.4/" local="131103665020887907" remote="131115813600000000" Dst="0" />
<file name="product_list_digital.php" server="developers.devszone.com//public_html/shop_1.4/" local="131117343054895269" remote="131117124600000000" Dst="0" />
<file name="product_list_other.php" server="developers.devszone.com//public_html/shop_1.4/" local="131117343223997605" remote="131117124600000000" Dst="0" />
<file name="product_view_digital.php" server="developers.devszone.com//public_html/shop_1.4/" local="131104441049621230" remote="131115813600000000" Dst="0" />
<file name="product_view_other.php" server="developers.devszone.com//public_html/shop_1.4/" local="131104441894579559" remote="131115813600000000" Dst="0" />
<file name="register.php" server="developers.devszone.com//public_html/shop_1.4/" local="131103664723300886" remote="131115813600000000" Dst="0" />
<file name="shopping_cart.php" server="developers.devszone.com//public_html/shop_1.4/" local="131103664714020356" remote="131115813600000000" Dst="0" />
<file name="user_profile.php" server="developers.devszone.com//public_html/shop_1.4/" local="131103664704979839" remote="131115813600000000" Dst="0" />
<file name=".DS_Store" server="developers.devszone.com//public_html/activesupershopv1.4/" local="131192591840000000" remote="131203907400000000" Dst="0" />
<file name="all_category.php" server="developers.devszone.com//public_html/activesupershopv1.4/" local="131192591840000000" remote="131203907400000000" Dst="0" />
<file name="all_vendor.php" server="developers.devszone.com//public_html/activesupershopv1.4/" local="131192591840000000" remote="131203907400000000" Dst="0" />
<file name="blog.php" server="developers.devszone.com//public_html/activesupershopv1.4/" local="131192591840000000" remote="131203907400000000" Dst="0" />
<file name="compare.php" server="developers.devszone.com//public_html/activesupershopv1.4/" local="131192591840000000" remote="131203907400000000" Dst="0" />
<file name="contact.php" server="developers.devszone.com//public_html/activesupershopv1.4/" local="131201562677907175" remote="131203907400000000" Dst="0" />
<file name="home.php" server="developers.devszone.com//public_html/activesupershopv1.4/" local="131192591840000000" remote="131203907400000000" Dst="0" />
<file name="index.php" server="developers.devszone.com//public_html/activesupershopv1.4/" local="131192591840000000" remote="131203907400000000" Dst="0" />
<file name="login.php" server="developers.devszone.com//public_html/activesupershopv1.4/" local="131192591840000000" remote="131203907400000000" Dst="0" />
<file name="product_list_digital.php" server="developers.devszone.com//public_html/activesupershopv1.4/" local="131192591840000000" remote="131203907400000000" Dst="0" />
<file name="product_list_other.php" server="developers.devszone.com//public_html/activesupershopv1.4/" local="131192591840000000" remote="131203907400000000" Dst="0" />
<file name="product_view_digital.php" server="developers.devszone.com//public_html/activesupershopv1.4/" local="131192591840000000" remote="131203907400000000" Dst="0" />
<file name="product_view_other.php" server="developers.devszone.com//public_html/activesupershopv1.4/" local="131192591840000000" remote="131203907400000000" Dst="0" />
<file name="register.php" server="developers.devszone.com//public_html/activesupershopv1.4/" local="131192591840000000" remote="131203907400000000" Dst="0" />
<file name="shopping_cart.php" server="developers.devszone.com//public_html/activesupershopv1.4/" local="131192591840000000" remote="131203907400000000" Dst="0" />
<file name="user_profile.php" server="developers.devszone.com//public_html/activesupershopv1.4/" local="131192591840000000" remote="131203907400000000" Dst="0" />
<file name="vendor_public_home.php" server="developers.devszone.com//public_html/activesupershopv1.4/" local="131195232200000000" remote="131203907400000000" Dst="0" />
<file name="blog_view.php" server="developers.devszone.com//public_html/activesupershopv1.4/" local="131192591840000000" remote="131203907400000000" Dst="0" />
<file name="page.php" server="developers.devszone.com//public_html/activesupershopv1.4/" local="131192636100000000" remote="131203907400000000" Dst="0" />
<file name="store_locator.php" server="developers.devszone.com//public_html/activesupershopv1.4/" local="131192635160000000" remote="131203907400000000" Dst="0" />
<file name="all_brands.php" server="developers.devszone.com//public_html/activesupershopv1.4/" local="131195472300000000" remote="131203907400000000" Dst="0" />
<file name="invoice.php" server="developers.devszone.com//public_html/activesupershopv1.4/" local="131198821356236631" remote="131203907400000000" Dst="0" />
<file name="legal.php" server="developers.devszone.com//public_html/activesupershopv1.4/" local="131199688863910116" remote="131203907400000000" Dst="0" />
</dwsync>